Academic Year,Nationality_EN,Total
2017-2018,Afghanistan,822
2017-2018,Albania,1
2017-2018,Algeria,411
2017-2018,American Samoa,1
2017-2018,Armenia,2
2017-2018,Australia,58
2017-2018,Austria,21
2017-2018,Azerbaijan,10
2017-2018,Bahrain,398
2017-2018,BANGLADESH,2808
2017-2018,Belarus,26
2017-2018,Belgium,16
2017-2018,Belize,4
2017-2018,Benin,2
2017-2018,Bosnia and Herzegovina,7
2017-2018,BRAZIL,14
2017-2018,Bulgaria,8
2017-2018,Burkina Faso,3
2017-2018,CAMEROON,11
2017-2018,Canada,200
2017-2018,Chad,40
2017-2018,Chile,2
2017-2018,China,26
2017-2018,Comoros,5817
2017-2018,Cote dlvoire,2
2017-2018,Croatia,7
2017-2018,Cyprus,4
2017-2018,Czech Republic,14
2017-2018,Denmark,12
2017-2018,Djibouti,29
2017-2018,Does not carry identification papers,1623
2017-2018,Does Not Have Nationality Documents,40
2017-2018,Dominica,7
2017-2018,Dominican Republic,2
2017-2018,Ecuador,2
2017-2018,Egypt,13739
2017-2018,El Salvador,1
2017-2018,Eritrea,40
2017-2018,Estonia,2
2017-2018,Ethiopia,99
2017-2018,Europe,2
2017-2018,Finland,9
2017-2018,France,75
2017-2018,Gambia,3
2017-2018,Germany,174
2017-2018,Ghana,8
2017-2018,GUINEA,5
2017-2018,Guinea-Bissau,1
2017-2018,Gulf Countries Citizen (GCC),1
2017-2018,Hold Emirates Passport,17
2017-2018,Holds an Emirati passport,2410
2017-2018,Hong Kong,1
2017-2018,Hungary,16
2017-2018,India,12924
2017-2018,Indonesia,27
2017-2018,Iran- Islamic Republic of,2040
2017-2018,"IRAN, ISLAMIC REPUBLIC OF",35
2017-2018,Iraq,3141
2017-2018,Ireland,43
2017-2018,Italy,43
2017-2018,Jamaica,1
2017-2018,Japan,9
2017-2018,JORDAN,8877
2017-2018,KAZAKHSTAN,3
2017-2018,Kazakstan,22
2017-2018,Kenya,72
2017-2018,Korea North,1
2017-2018,"KOREA, REPUBLIC OF",2
2017-2018,Kuwait,60
2017-2018,Kyrgyzstan,16
2017-2018,Latvia,3
2017-2018,Lebanon,390
2017-2018,Liberia,1
2017-2018,Libyan Arab Jamahiriya,166
2017-2018,Macedonia,3
2017-2018,Malaysia,9
2017-2018,Mali,38
2017-2018,Mauritania,173
2017-2018,Mauritius,2
2017-2018,Mexico,4
2017-2018,Moldova- Republic of,9
2017-2018,"MOLDOVA, REPUBLIC OF",3
2017-2018,Morocco,665
2017-2018,Nepal,21
2017-2018,Netherlands,29
2017-2018,New Zealand,22
2017-2018,Niger,3
2017-2018,Nigeria,47
2017-2018,Norway,12
2017-2018,NULL,20
2017-2018,Oman,4786
2017-2018,Others,4
2017-2018,Pakistan,10005
2017-2018,Palestine,3587
2017-2018,Peru,1
2017-2018,Philippines,506
2017-2018,Poland,14
2017-2018,Portugal,2
2017-2018,Qatar,48
2017-2018,Romania,34
2017-2018,Russian Federation,101
2017-2018,Saint Kitts and Nevis,5
2017-2018,SAINT LUCIA,2
2017-2018,SAUDI ARABIA,655
2017-2018,Senegal,18
2017-2018,Serbia,16
2017-2018,SERBIA AND MONTENEGRO,1
2017-2018,Seychelles,2
2017-2018,Sierra Leone,2
2017-2018,Singapore,8
2017-2018,SLOVENIA,3
2017-2018,Somalia,674
2017-2018,South Africa,39
2017-2018,South Korea,137
2017-2018,Spain,29
2017-2018,Sri Lanka,353
2017-2018,Sudan,3537
2017-2018,Sweden,35
2017-2018,Switzerland,20
2017-2018,Syrian Arab Republic,15594
2017-2018,Tajikistan,52
2017-2018,Tanzania,91
2017-2018,"TANZANIA, UNITED REPUBLIC OF",2
2017-2018,Thailand,11
2017-2018,Trinidad and Tobago,1
2017-2018,Tunisia,287
2017-2018,Turkey,54
2017-2018,TÜRKİYE,3
2017-2018,Turkmenistan,7
2017-2018,UAE Mother,27
2017-2018,UGANDA,8
2017-2018,Ukraine,67
2017-2018,United Arab Emirates,147222
2017-2018,United Kingdom,531
2017-2018,UNITED STATES,8
2017-2018,United States of America,304
2017-2018,Uzbekistan,167
2017-2018,Viet Nam,6
2017-2018,Western Desert,2
2017-2018,Yemen,7368
2017-2018,Zambia,1
2017-2018,Zimbabwe,8
2018-2019,Afghanistan,458
2018-2019,Algeria,178
2018-2019,Armenia,3
2018-2019,Aruba,1
2018-2019,Australia,33
2018-2019,Austria,24
2018-2019,Azerbaijan,8
2018-2019,Bahrain,419
2018-2019,BANGLADESH,1526
2018-2019,Belarus,9
2018-2019,Belgium,10
2018-2019,Benin,5
2018-2019,Bosnia,1
2018-2019,Bosnia and Herzegovina,2
2018-2019,Brasil,1
2018-2019,BRAZIL,4
2018-2019,Britain,7
2018-2019,Bulgaria,6
2018-2019,Burkina Faso,3
2018-2019,CAMEROON,13
2018-2019,Canada,127
2018-2019,Chad,25
2018-2019,China,23
2018-2019,Comoros,5553
2018-2019,Costa Rica,1
2018-2019,Cote D'ivoire,1
2018-2019,Croatia,2
2018-2019,Cyprus,2
2018-2019,Czech Republic,8
2018-2019,Decree Holders,5
2018-2019,Denmark,4
2018-2019,Djibouti,13
2018-2019,Does Not Have Nationality Documents,1013
2018-2019,Doesn't have any documents,6
2018-2019,Dominica,8
2018-2019,Egypt,8316
2018-2019,Eritrea,28
2018-2019,Estonia,2
2018-2019,Ethiopia,74
2018-2019,Finland,3
2018-2019,France,29
2018-2019,Gambia,5
2018-2019,Georgia,1
2018-2019,Germany,136
2018-2019,Ghana,6
2018-2019,Greece,3
2018-2019,GUINEA,7
2018-2019,Guinea-Bissau,1
2018-2019,Holding UAE Passport,2005
2018-2019,Hong Kong,1
2018-2019,India,10342
2018-2019,Indonesia,12
2018-2019,Iran,1713
2018-2019,"IRAN, ISLAMIC REPUBLIC OF",1
2018-2019,Iraq,1246
2018-2019,Ireland,21
2018-2019,Italy,16
2018-2019,Jamaica,1
2018-2019,Japan,2
2018-2019,JORDAN,4363
2018-2019,KAZAKHSTAN,14
2018-2019,Kenya,86
2018-2019,Kosovo,1
2018-2019,Kuwait,70
2018-2019,Kyrgyzstan,9
2018-2019,Latvia,1
2018-2019,Lebanon,246
2018-2019,Liberia,1
2018-2019,Libya,16
2018-2019,Lithuania,1
2018-2019,Malaysia,6
2018-2019,Mali,22
2018-2019,Mauritania,146
2018-2019,Mauritius,2
2018-2019,Mexico,2
2018-2019,Moldova,3
2018-2019,Morocco,456
2018-2019,Nepal,8
2018-2019,Netherlands,9
2018-2019,New Zealand,13
2018-2019,Niger,1
2018-2019,Nigeria,56
2018-2019,North Korea,1
2018-2019,Norway,8
2018-2019,NULL,61
2018-2019,Oman,5211
2018-2019,Other,1
2018-2019,Pakistan,6654
2018-2019,Palestine,1787
2018-2019,Philippines,224
2018-2019,Poland,4
2018-2019,Portugal,1
2018-2019,Qatar,38
2018-2019,Romania,14
2018-2019,Russia,1
2018-2019,Russian Federation,46
2018-2019,Saint Kitts and Nevis,4
2018-2019,SAUDI ARABIA,730
2018-2019,Senegal,11
2018-2019,SERBIA AND MONTENEGRO,2
2018-2019,Seychelles,2
2018-2019,Singapore,5
2018-2019,Slovakia,2
2018-2019,Somalia,347
2018-2019,South Africa,15
2018-2019,South Korea,9
2018-2019,South Sudan,1
2018-2019,Spain,12
2018-2019,Sri Lanka,303
2018-2019,Sudan,1911
2018-2019,Sweden,12
2018-2019,Switzerland,5
2018-2019,Syria,198
2018-2019,Syrian Arab Republic,6145
2018-2019,Tajikistan,29
2018-2019,Tanzania,86
2018-2019,Thailand,5
2018-2019,Tunisia,162
2018-2019,Turkey,20
2018-2019,Turkmenistan,5
2018-2019,UAE Passport Holder,2
2018-2019,UGANDA,2
2018-2019,Ukraine,34
2018-2019,United Arab Emirates,157004
2018-2019,United Kingdom,287
2018-2019,UNITED STATES,194
2018-2019,USA,14
2018-2019,Uzbekistan,55
2018-2019,Viet Nam,5
2018-2019,Western Sahara,2
2018-2019,Without,1
2018-2019,Yemen,5597
2018-2019,Zimbabwe,5
2019-2020,??? ???? ???????,1
2019-2020,???? ???? ??????,37
2019-2020,Afghanistan,1556
2019-2020,Albania,4
2019-2020,Algeria,796
2019-2020,American Samoa,1
2019-2020,Angola,8
2019-2020,Antigua and Barbuda,5
2019-2020,Argentina,11
2019-2020,Armenia,44
2019-2020,Aruba,1
2019-2020,Australia,297
2019-2020,Austria,39
2019-2020,Azerbaijan,42
2019-2020,Bahrain,730
2019-2020,BANGLADESH,3693
2019-2020,Barbados,1
2019-2020,Belarus,40
2019-2020,Belgium,53
2019-2020,Belize,2
2019-2020,Benin,7
2019-2020,Bolivia,7
2019-2020,Bosnia and Herzegovina,15
2019-2020,BRAZIL,86
2019-2020,Brunei,4
2019-2020,Bulgaria,28
2019-2020,Burkina Faso,3
2019-2020,Burundi,2
2019-2020,CAMEROON,44
2019-2020,Canada,1275
2019-2020,Chad,84
2019-2020,Chile,5
2019-2020,China,105
2019-2020,Colombia,29
2019-2020,Comoros Islands,8836
2019-2020,"Congo, DR (Zaire)",4
2019-2020,Cote d'lvoire ( Ivory Coast),6
2019-2020,Croatia,19
2019-2020,Cyprus,15
2019-2020,Czech Republic,30
2019-2020,Denmark,30
2019-2020,Djibouti,34
2019-2020,Does Not Have Nationality Documents,736
2019-2020,Dominica,112
2019-2020,Dominican Republic,2
2019-2020,Ecuador,6
2019-2020,Egypt,26429
2019-2020,El Salvador,6
2019-2020,Eritrea,74
2019-2020,Estonia,1
2019-2020,Ethiopia,240
2019-2020,Fiji,1
2019-2020,Finland,20
2019-2020,France,940
2019-2020,Gabon,1
2019-2020,Gambia,13
2019-2020,Georgia,3
2019-2020,Germany,365
2019-2020,Ghana,45
2019-2020,Greece,54
2019-2020,Grenada,5
2019-2020,Guatemala,3
2019-2020,GUINEA,18
2019-2020,Guinea-Bissau,1
2019-2020,Guyana,2
2019-2020,Holding UAE Passport,1351
2019-2020,Hungary,23
2019-2020,India,36654
2019-2020,Indonesia,480
2019-2020,Iran,3252
2019-2020,Iraq,3608
2019-2020,Ireland,85
2019-2020,Italy,151
2019-2020,Jamaica,9
2019-2020,Japan,33
2019-2020,JORDAN,16966
2019-2020,Kazakhastan,93
2019-2020,Kenya,304
2019-2020,Kuwait,130
2019-2020,Kyrgyzstan,49
2019-2020,Latvia,3
2019-2020,Lebanon,1299
2019-2020,Liberia,3
2019-2020,Libya,306
2019-2020,Lithuania,4
2019-2020,Macedonia,18
2019-2020,Malawi,10
2019-2020,Malaysia,214
2019-2020,Maldives,8
2019-2020,Mali,45
2019-2020,Malta,7
2019-2020,Mauritania,435
2019-2020,Mauritius,7
2019-2020,Mexico,18
2019-2020,Moldova,15
2019-2020,Morocco,2093
2019-2020,Mozambique,6
2019-2020,Myanmar (Burma),6
2019-2020,Nepal,90
2019-2020,Netherlands,70
2019-2020,New Zealand,52
2019-2020,Niger,5
2019-2020,Nigeria,298
2019-2020,Norway,44
2019-2020,NULL,393
2019-2020,Oman,11440
2019-2020,Other Counties,12
2019-2020,Pakistan,19499
2019-2020,Palestine,6923
2019-2020,Panama,2
2019-2020,Papua New Guinea,3
2019-2020,Peru,1
2019-2020,Philippines,2345
2019-2020,Poland,34
2019-2020,Portugal,38
2019-2020,Qatar,170
2019-2020,Republic of Kosovo,2
2019-2020,Republic of Serbia,30
2019-2020,Romania,104
2019-2020,Russia,307
2019-2020,Rwanda,1
2019-2020,SAINT LUCIA,1
2019-2020,SAUDI ARABIA,2683
2019-2020,Senegal,39
2019-2020,SERBIA AND MONTENEGRO,5
2019-2020,Seychelles,8
2019-2020,Sierra Leone,4
2019-2020,Singapore,26
2019-2020,Slovakia,19
2019-2020,SLOVENIA,3
2019-2020,Somalia,1009
2019-2020,South Africa,212
2019-2020,South Korea,282
2019-2020,South Sudan,3
2019-2020,Spain,95
2019-2020,Sri Lanka,872
2019-2020,St. Kitts and Nevis,31
2019-2020,Sudan,6743
2019-2020,Swaziland,5
2019-2020,Sweden,113
2019-2020,Switzerland,46
2019-2020,Syria,19552
2019-2020,Tajikistan,52
2019-2020,Tanzania,197
2019-2020,Thailand,44
2019-2020,Trinidad and Tobago,4
2019-2020,Tunisia,702
2019-2020,Turkey,148
2019-2020,Turkmenistan,9
2019-2020,UGANDA,11
2019-2020,Ukraine,134
2019-2020,United Arab Emirates,300072
2019-2020,United Kingdom,1093
2019-2020,United States of America,2382
2019-2020,Uruguay,2
2019-2020,Uzbekistan,190
2019-2020,Vanuatu,3
2019-2020,Venezuela,19
2019-2020,Vietnam,22
2019-2020,Western Sahara,2
2019-2020,Yemen,16100
2019-2020,Zambia,3
2019-2020,Zimbabwe,63
2020-2021,Afghanistan,3614
2020-2021,Albania,5
2020-2021,Algeria,1427
2020-2021,American Samoa,1
2020-2021,Angola,4
2020-2021,Antigua and Barbuda,3
2020-2021,Argentina,6
2020-2021,Armenia,18
2020-2021,ARMINIA,39
2020-2021,Aruba,1
2020-2021,Australia,196
2020-2021,Austria,10
2020-2021,Azerbaijan,23
2020-2021,Bahrain,885
2020-2021,BANGLADESH,8156
2020-2021,Belarus,31
2020-2021,Belgium,28
2020-2021,Belize,2
2020-2021,Bengal,1
2020-2021,Benin,5
2020-2021,Bosnia,1
2020-2021,Bosnia and Herzegovina,19
2020-2021,Brasil,8
2020-2021,BRAZIL,63
2020-2021,Britain,293
2020-2021,British Indian Ocean Territory,1
2020-2021,Bulgaria,26
2020-2021,Burkina Faso,5
2020-2021,Burundi,3
2020-2021,Cameron,12
2020-2021,CAMEROON,39
2020-2021,Canada,2580
2020-2021,Chad,124
2020-2021,Chile,9
2020-2021,China,163
2020-2021,Colombia,10
2020-2021,Comoros,10372
2020-2021,Congo Democratic Republic,3
2020-2021,Cote D'ivoire,3
2020-2021,Croatia,10
2020-2021,Cyprus,9
2020-2021,Czech Republic,24
2020-2021,Decree Holders,9
2020-2021,Denmark,83
2020-2021,Djibouti,55
2020-2021,Does Not Have Nationality Docu,650
2020-2021,Doesn't have any documents,10
2020-2021,Dominica,110
2020-2021,Dominican Republic,2
2020-2021,Egypt,52329
2020-2021,El Salvador,2
2020-2021,Eritrea,107
2020-2021,Estonia,2
2020-2021,Ethiopia,582
2020-2021,Finland,19
2020-2021,France,1326
2020-2021,Gabon,1
2020-2021,Gambia,12
2020-2021,Georgia,2
2020-2021,Germany,535
2020-2021,Ghana,15
2020-2021,Greece,29
2020-2021,Grenada,6
2020-2021,GUINEA,24
2020-2021,Guinea-Bissau,1
2020-2021,Holding UAE Passport,319
2020-2021,Hong Kong,1
2020-2021,Hungary,10
2020-2021,India,80893
2020-2021,Indonesia,1064
2020-2021,Iran,4195
2020-2021,Iran- Islamic Republic of,561
2020-2021,Iraq,4613
2020-2021,Ireland,59
2020-2021,Italy,53
2020-2021,Jamaica,1
2020-2021,Japan,20
2020-2021,JORDAN,33684
2020-2021,KAZAKHSTAN,60
2020-2021,Kazakstan,1
2020-2021,Kenya,448
2020-2021,Korea,5
2020-2021,Kosovo,3
2020-2021,Kuwait,187
2020-2021,Kyrgyzstan,51
2020-2021,Latvia,5
2020-2021,Lebanon,3343
2020-2021,Liberia,1
2020-2021,Libya,204
2020-2021,Libyan Arab Jamahiriya,62
2020-2021,Lithuania,2
2020-2021,Luxembourg,1
2020-2021,Macao,2
2020-2021,Macedonia,11
2020-2021,Malawi,1
2020-2021,Malaysia,63
2020-2021,Maldives,9
2020-2021,Mali,59
2020-2021,Mauritania,1111
2020-2021,Mauritius,8
2020-2021,Mexico,12
2020-2021,Moldova,18
2020-2021,Montserrat,1
2020-2021,Morocco,4479
2020-2021,Mozambique,2
2020-2021,Myanmar,2
2020-2021,Namibia,1
2020-2021,Nepal,104
2020-2021,Netherlands,59
2020-2021,New Zealand,25
2020-2021,Niger,4
2020-2021,Nigeria,334
2020-2021,No identification document,28
2020-2021,Norway,38
2020-2021,NULL,9241
2020-2021,Oman,13500
2020-2021,Other,7
2020-2021,Others,9
2020-2021,Pakistan,35518
2020-2021,Palestine,13085
2020-2021,Palestinian Territory,457
2020-2021,Panama,3
2020-2021,Peru,1
2020-2021,Philippines,5386
2020-2021,Poland,23
2020-2021,Portugal,13
2020-2021,Qatar,228
2020-2021,Republic of Malawi,5
2020-2021,Republic of Rwanda,1
2020-2021,Romania,58
2020-2021,Russia,100
2020-2021,Russian Federation,412
2020-2021,Saint Kitts and Nevis,54
2020-2021,SAINT LUCIA,2
2020-2021,SAUDI ARABIA,3183
2020-2021,Senegal,38
2020-2021,Serbia,12
2020-2021,SERBIA AND MONTENEGRO,2
2020-2021,Seychelles,20
2020-2021,Sierra Leone,1
2020-2021,Singapore,11
2020-2021,Slovakia,11
2020-2021,SLOVENIA,1
2020-2021,Somalia,2366
2020-2021,South Africa,120
2020-2021,South Korea,105
2020-2021,South Sudan,2
2020-2021,Spain,48
2020-2021,Sri Lanka,784
2020-2021,Sudan,14802
2020-2021,Suriname,1
2020-2021,Swaziland,1
2020-2021,Sweden,217
2020-2021,Switzerland,21
2020-2021,Syria,2578
2020-2021,Syrian Arab Republic,33476
2020-2021,Taiwan,3
2020-2021,Tajikistan,84
2020-2021,Tanzania,373
2020-2021,Thailand,41
2020-2021,Tunisia,1617
2020-2021,Turkey,151
2020-2021,Turkmenistan,5
2020-2021,Turks And Caicos Islands,1
2020-2021,UAE,15113
2020-2021,UAE Passport Holder,17
2020-2021,UAE Passport only (No Kholasa),28
2020-2021,UGANDA,27
2020-2021,Ukraine,140
2020-2021,United Arab Emirates,380184
2020-2021,United Arab Emirates - Abu Dha,2
2020-2021,United Arab Emirates - Ajman,1
2020-2021,United Arab Emirates - Dubai,87
2020-2021,United Arab Emirates - Ras Al ,1
2020-2021,United Arab Emirates - Sharjah,1
2020-2021,United Kingdom,3920
2020-2021,UNITED STATES,4126
2020-2021,United States Minor Outlying I,1
2020-2021,United States of America,38
2020-2021,USA,494
2020-2021,Uzbekistan,212
2020-2021,Vanuatu,3
2020-2021,Venezuela,13
2020-2021,Viet Nam,7
2020-2021,Vietnam,2
2020-2021,"Virgin Islands, British",1
2020-2021,"Virgin Islands, U.S.",1
2020-2021,Western Sahara,1
2020-2021,White  Russia,2
2020-2021,Yemen,27284
2020-2021,Zambia,1
2020-2021,Zimbabwe,47
2021-2022,Afghanistan,4468
2021-2022,Albania,3
2021-2022,Algeria,1919
2021-2022,American Samoa,2
2021-2022,Angola,4
2021-2022,Argentina,6
2021-2022,Armenia,36
2021-2022,Aruba,2
2021-2022,Australia,116
2021-2022,Austria,16
2021-2022,Azerbaijan,16
2021-2022,Bahrain,935
2021-2022,BANGLADESH,8748
2021-2022,Belarus,26
2021-2022,Belgium,29
2021-2022,Belize,2
2021-2022,Benin,7
2021-2022,Bosnia and Herzegovina,11
2021-2022,BRAZIL,60
2021-2022,British Indian Ocean Territory,2
2021-2022,Bulgaria,16
2021-2022,Burkina Faso,6
2021-2022,Burundi,2
2021-2022,CAMEROON,52
2021-2022,Canada,3603
2021-2022,Chad,105
2021-2022,Chile,5
2021-2022,China,117
2021-2022,Colombia,3
2021-2022,Comoros,10612
2021-2022,Congo,1
2021-2022,Cote D'ivoire,5
2021-2022,Croatia,6
2021-2022,Cuba,4
2021-2022,Cyprus,6
2021-2022,Czech Republic,18
2021-2022,Decree Holders,8
2021-2022,Denmark,93
2021-2022,Djibouti,58
2021-2022,Does Not Have Nationality Documents,911
2021-2022,Dominica,67
2021-2022,Dominican Republic,9
2021-2022,Ecuador,2
2021-2022,Egypt,62860
2021-2022,El Salvador,3
2021-2022,Eritrea,113
2021-2022,Estonia,2
2021-2022,Ethiopia,744
2021-2022,Finland,15
2021-2022,France,1950
2021-2022,Gabon,1
2021-2022,Gambia,10
2021-2022,Georgia,2
2021-2022,Germany,811
2021-2022,Ghana,10
2021-2022,Greece,29
2021-2022,Grenada,10
2021-2022,GUINEA,20
2021-2022,Guinea-Bissau,1
2021-2022,Holding UAE Passport,77
2021-2022,Hong Kong,1
2021-2022,Hungary,9
2021-2022,Iceland,1
2021-2022,India,135448
2021-2022,Indonesia,1210
2021-2022,Iran,4989
2021-2022,Iran- Islamic Republic of,557
2021-2022,Iraq,6707
2021-2022,Ireland,44
2021-2022,Israel,2
2021-2022,Italy,46
2021-2022,Japan,11
2021-2022,JORDAN,41484
2021-2022,KAZAKHSTAN,57
2021-2022,Kazakstan,1
2021-2022,Kenya,534
2021-2022,Kosovo,5
2021-2022,Kuwait,200
2021-2022,Kyrgyzstan,41
2021-2022,Latvia,5
2021-2022,Lebanon,4768
2021-2022,Liberia,3
2021-2022,Libya,212
2021-2022,Libyan Arab Jamahiriya,51
2021-2022,Lithuania,3
2021-2022,Luxembourg,1
2021-2022,Macao,2
2021-2022,Macedonia,7
2021-2022,Malawi,6
2021-2022,Malaysia,33
2021-2022,Maldives,12
2021-2022,Mali,43
2021-2022,Malta,1
2021-2022,Mauritania,1095
2021-2022,Mauritius,9
2021-2022,Mexico,12
2021-2022,Moldova,18
2021-2022,Montserrat,1
2021-2022,Morocco,5309
2021-2022,Myanmar,2
2021-2022,Namibia,3
2021-2022,Nepal,99
2021-2022,Netherlands,59
2021-2022,Netherlands Antilles,1
2021-2022,New Zealand,21
2021-2022,Niger,14
2021-2022,Nigeria,330
2021-2022,No identification document,41
2021-2022,Norway,31
2021-2022,NULL,15685
2021-2022,Oman,13538
2021-2022,Other,8
2021-2022,Others,9
2021-2022,Pakistan,43159
2021-2022,Palestine,16550
2021-2022,Palestinian Territory,463
2021-2022,Panama,1
2021-2022,Peru,1
2021-2022,Philippines,7508
2021-2022,Poland,18
2021-2022,Portugal,11
2021-2022,Qatar,229
2021-2022,Romania,52
2021-2022,Russian Federation,723
2021-2022,Rwanda,1
2021-2022,Saint Kitts and Nevis,42
2021-2022,SAINT LUCIA,1
2021-2022,Saint Pierre and Miquelon,2
2021-2022,SAUDI ARABIA,3088
2021-2022,Senegal,37
2021-2022,Serbia,11
2021-2022,SERBIA AND MONTENEGRO,5
2021-2022,Seychelles,25
2021-2022,Singapore,10
2021-2022,Slovakia,9
2021-2022,SLOVENIA,4
2021-2022,Somalia,2463
2021-2022,South Africa,105
2021-2022,South Korea,110
2021-2022,South Sudan,4
2021-2022,Spain,54
2021-2022,Sri Lanka,459
2021-2022,Sudan,18193
2021-2022,Suriname,1
2021-2022,Sweden,326
2021-2022,Switzerland,18
2021-2022,Syrian Arab Republic,48113
2021-2022,Taiwan,4
2021-2022,Tajikistan,111
2021-2022,Tanzania,443
2021-2022,Thailand,20
2021-2022,The Democratic Republic Of Congo,1
2021-2022,Togo,1
2021-2022,Tunisia,2021
2021-2022,Turkey,137
2021-2022,Turkmenistan,4
2021-2022,UAE Passport only (No Kholasa),27
2021-2022,UGANDA,30
2021-2022,Ukraine,119
2021-2022,United Arab Emirates,411832
2021-2022,United Arab Emirates - Abu Dhabi,2
2021-2022,United Arab Emirates - Dubai,90
2021-2022,United Arab Emirates - Sharjah,1
2021-2022,United Arab Emirates - Umm Al Quwain,1
2021-2022,United Kingdom,5434
2021-2022,UNITED STATES,6601
2021-2022,United States of America,51
2021-2022,Uzbekistan,367
2021-2022,Vanuatu,1
2021-2022,Venezuela,12
2021-2022,Viet Nam,10
2021-2022,"Virgin Islands, U.S.",1
2021-2022,Western Sahara,1
2021-2022,Yemen,28685
2021-2022,Zambia,3
2021-2022,Zimbabwe,35
2022-2023,Afghanistan,6548
2022-2023,Albania,35
2022-2023,Algeria,2982
2022-2023,American Samoa,7
2022-2023,Angola,34
2022-2023,Antigua and Barbuda,46
2022-2023,Argentina,122
2022-2023,Armenia,232
2022-2023,Aruba,2
2022-2023,Australia,2523
2022-2023,Austria,284
2022-2023,Azerbaijan,270
2022-2023,Bahamas,7
2022-2023,Bahrain,1285
2022-2023,BANGLADESH,12622
2022-2023,Barbados,5
2022-2023,Belarus,214
2022-2023,Belgium,782
2022-2023,Belize,13
2022-2023,Benin,15
2022-2023,Bermuda,1
2022-2023,Bhutan,1
2022-2023,Bolivia,16
2022-2023,Bosnia and Herzegovina,61
2022-2023,Botswana,11
2022-2023,BRAZIL,854
2022-2023,Brit. Indian Ocean Terr.,1
2022-2023,British Indian Ocean Territory,2
2022-2023,Brunei Darussalam,9
2022-2023,Bulgaria,254
2022-2023,Burkina Faso,17
2022-2023,Burundi,17
2022-2023,Cambodia,6
2022-2023,CAMEROON,148
2022-2023,Canada,9663
2022-2023,Cape Verde,1
2022-2023,Cayman Islands,2
2022-2023,Chad,147
2022-2023,Chile,51
2022-2023,China,2283
2022-2023,Colombia,149
2022-2023,Comoros,11362
2022-2023,Congo,25
2022-2023,Costa Rica,7
2022-2023,Cote D'ivoire,6
2022-2023,Cote dlvoire,8
2022-2023,Croatia,117
2022-2023,Cuba,11
2022-2023,Cyprus,142
2022-2023,Czech Republic,166
2022-2023,Democratic Rep. of Congo,23
2022-2023,Denmark,589
2022-2023,Djibouti,86
2022-2023,Does Not Have Nationality Documents,1068
2022-2023,Dominica,471
2022-2023,Dominican Republic,49
2022-2023,Ecuador,21
2022-2023,Egypt,85855
2022-2023,El Salvador,8
2022-2023,Eritrea,365
2022-2023,Estonia,40
2022-2023,Ethiopia,1414
2022-2023,Fiji,12
2022-2023,Finland,159
2022-2023,Foundling,1
2022-2023,France,8352
2022-2023,Gabon,1
2022-2023,Gambia,23
2022-2023,Georgia,33
2022-2023,Germany,3123
2022-2023,Ghana,61
2022-2023,Greece,562
2022-2023,Grenada,48
2022-2023,Guatemala,5
2022-2023,GUINEA,33
2022-2023,Guinea-Bissau,2
2022-2023,Guyana,2
2022-2023,Holding UAE Passport,24
2022-2023,Honduras,3
2022-2023,Hong Kong,2
2022-2023,Hungary,225
2022-2023,Iceland,15
2022-2023,India,263967
2022-2023,Indonesia,1665
2022-2023,Iran,5973
2022-2023,Iran- Islamic Republic of,4835
2022-2023,Iraq,8288
2022-2023,Ireland,1068
2022-2023,Israel,81
2022-2023,Italy,1765
2022-2023,Jamaica,23
2022-2023,Japan,530
2022-2023,JORDAN,54594
2022-2023,KAZAKHSTAN,54
2022-2023,Kazakstan,603
2022-2023,Kenya,1226
2022-2023,Korea North,2
2022-2023,Korea- Republic of,761
2022-2023,Kosovo,5
2022-2023,Kuwait,328
2022-2023,Kyrgyzstan,231
2022-2023,Latvia,89
2022-2023,Lebanon,12040
2022-2023,Liberia,4
2022-2023,Libya,263
2022-2023,Libyan Arab Jamahiriya,457
2022-2023,Liechtenstein,3
2022-2023,Lithuania,102
2022-2023,Luxembourg,21
2022-2023,Macau,2
2022-2023,Macedonia,71
2022-2023,Madagascar,10
2022-2023,Malawi,19
2022-2023,Malaysia,539
2022-2023,Maldives,44
2022-2023,Mali,80
2022-2023,Malta,68
2022-2023,Martinique,1
2022-2023,Mauritania,1132
2022-2023,Mauritius,108
2022-2023,Mexico,186
2022-2023,Moldova,20
2022-2023,Moldova- Republic of,79
2022-2023,Monaco,1
2022-2023,Mongolia,8
2022-2023,Montenegro,17
2022-2023,Montserrat,1
2022-2023,Morocco,6947
2022-2023,Mozambique,37
2022-2023,Myanmar,93
2022-2023,Namibia,16
2022-2023,Nepal,487
2022-2023,Netherlands,1250
2022-2023,New Zealand,440
2022-2023,Nicaragua,8
2022-2023,Niger,39
2022-2023,Nigeria,1084
2022-2023,No identification document,29
2022-2023,North Korea,1
2022-2023,Northern Mariana Islands,1
2022-2023,Norway,190
2022-2023,NULL,21442
2022-2023,Oman,13573
2022-2023,Other,137
2022-2023,Others,11
2022-2023,Pakistan,74802
2022-2023,Palau,2
2022-2023,Palestine,17727
2022-2023,Palestinian Territory,1739
2022-2023,Panama,31
2022-2023,Papua New Guinea,4
2022-2023,Paraguay,4
2022-2023,Peru,37
2022-2023,Philippines,17075
2022-2023,Poland,465
2022-2023,Portugal,593
2022-2023,Qatar,242
2022-2023,Republic of Kosovo,7
2022-2023,Romania,565
2022-2023,Russian Federation,4158
2022-2023,Rwanda,10
2022-2023,Saint Kitts and Nevis,413
2022-2023,SAINT LUCIA,15
2022-2023,Saint Pierre and Miquelon,3
2022-2023,SAUDI ARABIA,3900
2022-2023,Senegal,70
2022-2023,Serbia,351
2022-2023,SERBIA AND MONTENEGRO,4
2022-2023,Seychelles,50
2022-2023,Sierra Leone,23
2022-2023,Singapore,355
2022-2023,Slovakia,126
2022-2023,SLOVENIA,47
2022-2023,Somalia,2446
2022-2023,South Africa,2178
2022-2023,South Korea,92
2022-2023,South Sudan,15
2022-2023,Spain,1175
2022-2023,Sri Lanka,4102
2022-2023,St Vincent and Grenadines,3
2022-2023,Sudan,22295
2022-2023,Suriname,5
2022-2023,Swaziland,13
2022-2023,Sweden,1205
2022-2023,Switzerland,562
2022-2023,Syrian Arab Republic,58433
2022-2023,Taiwan,5
2022-2023,Tajikistan,277
2022-2023,Tanzania,705
2022-2023,Thailand,130
2022-2023,The Democratic Republic Of Congo,1
2022-2023,Togo,1
2022-2023,Trinidad and Tobago,23
2022-2023,Tunisia,3297
2022-2023,Turkey,1998
2022-2023,Turkmenistan,134
2022-2023,Turks And Caicos Islands,1
2022-2023,UGANDA,99
2022-2023,Ukraine,989
2022-2023,United Arab Emirates,439102
2022-2023,United Kingdom,22136
2022-2023,UNITED STATES,7317
2022-2023,United States of America,8800
2022-2023,Uruguay,14
2022-2023,Uzbekistan,1072
2022-2023,Vanuatu,36
2022-2023,Venezuela,107
2022-2023,Viet Nam,86
2022-2023,"Virgin Islands, British",2
2022-2023,"Virgin Islands, U.S.",2
2022-2023,Yemen,29428
2022-2023,Zambia,34
2022-2023,Zimbabwe,274
2023-2024,Afghanistan,2954
2023-2024,Albania,4
2023-2024,Algeria,1837
2023-2024,American Samoa,2
2023-2024,Angola,7
2023-2024,Antigua and Barbuda,1
2023-2024,Argentina,9
2023-2024,Armenia,22
2023-2024,Aruba,1
2023-2024,Australia,98
2023-2024,Austria,23
2023-2024,Azerbaijan,10
2023-2024,Bahrain,756
2023-2024,BANGLADESH,6485
2023-2024,Belarus,32
2023-2024,Belgium,33
2023-2024,Belize,2
2023-2024,Benin,7
2023-2024,Bosnia and Herzegovina,10
2023-2024,BRAZIL,85
2023-2024,British Indian Ocean Territory,1
2023-2024,Bulgaria,15
2023-2024,Burkina Faso,8
2023-2024,Burundi,2
2023-2024,CAMEROON,76
2023-2024,Canada,3228
2023-2024,Central African Republic,1
2023-2024,Chad,135
2023-2024,Chile,4
2023-2024,China,131
2023-2024,Colombia,2
2023-2024,Comoros,9487
2023-2024,Cote D'ivoire,2
2023-2024,Croatia,10
2023-2024,Cuba,3
2023-2024,Cyprus,5
2023-2024,Czech Republic,19
2023-2024,Denmark,95
2023-2024,Djibouti,52
2023-2024,Does Not Have Nationality Documents,1019
2023-2024,Dominica,103
2023-2024,Dominican Republic,2
2023-2024,Ecuador,2
2023-2024,Egypt,55440
2023-2024,El Salvador,4
2023-2024,Eritrea,123
2023-2024,Estonia,2
2023-2024,Ethiopia,720
2023-2024,Finland,19
2023-2024,France,2019
2023-2024,Gabon,1
2023-2024,Gambia,5
2023-2024,Germany,762
2023-2024,Ghana,9
2023-2024,Greece,24
2023-2024,Grenada,12
2023-2024,GUINEA,23
2023-2024,Guinea-Bissau,2
2023-2024,Holding UAE Passport,14
2023-2024,Hungary,9
2023-2024,Iceland,1
2023-2024,India,45039
2023-2024,Indonesia,1246
2023-2024,Iran,4839
2023-2024,Iraq,4315
2023-2024,Ireland,28
2023-2024,Israel,8
2023-2024,Italy,52
2023-2024,Jamaica,1
2023-2024,Japan,13
2023-2024,JORDAN,36649
2023-2024,KAZAKHSTAN,56
2023-2024,Kenya,414
2023-2024,Kosovo,5
2023-2024,Kuwait,150
2023-2024,Kyrgyzstan,47
2023-2024,Latvia,4
2023-2024,Lebanon,3691
2023-2024,Liberia,2
2023-2024,Libya,223
2023-2024,Lithuania,3
2023-2024,Luxembourg,1
2023-2024,Macedonia,5
2023-2024,Malawi,1
2023-2024,Malaysia,29
2023-2024,Maldives,9
2023-2024,Mali,59
2023-2024,Malta,3
2023-2024,Mauritania,1075
2023-2024,Mauritius,2
2023-2024,Mexico,19
2023-2024,Moldova,19
2023-2024,Montserrat,1
2023-2024,Morocco,5676
2023-2024,Myanmar,6
2023-2024,Namibia,3
2023-2024,Nepal,111
2023-2024,Netherlands,70
2023-2024,New Zealand,15
2023-2024,Niger,13
2023-2024,Nigeria,324
2023-2024,Norway,19
2023-2024,NULL,17137
2023-2024,Oman,13092
2023-2024,Others,8
2023-2024,Pakistan,28279
2023-2024,Palau,1
2023-2024,Palestine,13936
2023-2024,Panama,4
2023-2024,Paraguay,1
2023-2024,Philippines,4870
2023-2024,Poland,17
2023-2024,Portugal,17
2023-2024,Qatar,204
2023-2024,Romania,60
2023-2024,Russian Federation,1048
2023-2024,Rwanda,1
2023-2024,Saint Kitts and Nevis,45
2023-2024,SAINT LUCIA,4
2023-2024,SAUDI ARABIA,2683
2023-2024,Senegal,39
2023-2024,Serbia,14
2023-2024,SERBIA AND MONTENEGRO,5
2023-2024,Seychelles,18
2023-2024,Sierra Leone,1
2023-2024,Singapore,3
2023-2024,Slovakia,8
2023-2024,SLOVENIA,3
2023-2024,Somalia,1980
2023-2024,South Africa,145
2023-2024,South Korea,73
2023-2024,South Sudan,4
2023-2024,Spain,52
2023-2024,Sri Lanka,572
2023-2024,Sudan,19577
2023-2024,Suriname,1
2023-2024,Sweden,368
2023-2024,Switzerland,16
2023-2024,Syrian Arab Republic,47830
2023-2024,Taiwan,7
2023-2024,Tajikistan,109
2023-2024,Tanzania,354
2023-2024,Thailand,25
2023-2024,The Democratic Republic Of Congo,1
2023-2024,Togo,1
2023-2024,Tunisia,2100
2023-2024,Turkey,296
2023-2024,Turkmenistan,17
2023-2024,UGANDA,27
2023-2024,Ukraine,115
2023-2024,United Arab Emirates,371299
2023-2024,United Kingdom,5111
2023-2024,UNITED STATES,5782
2023-2024,Uzbekistan,330
2023-2024,Vanuatu,10
2023-2024,Venezuela,9
2023-2024,Viet Nam,10
2023-2024,"Virgin Islands, British",2
2023-2024,"Virgin Islands, U.S.",2
2023-2024,Yemen,27024
2023-2024,Zambia,5
2023-2024,Zimbabwe,54
